1,himom,,greator1,,0000-00-00,asd;asd,0
2,himom,,greator2,,0000-00-01,asd;asd,1
3,himom,,greator3,,0000-00-02,asd;asd,2
4,himom,,greator4,,0000-00-03,asd;asd,3
5,himom,,greator5,,0000-00-04,asd;asd,4
6,himom,,greator6,,0000-00-05,asd;asd,5
7,himom,,greator7,,0000-00-06,asd;asd,6
8,himom,,greator8,,0000-00-07,asd;asd,7
9,himom,,greator9,,0000-00-08,asd;asd,8
10,himom,,greator10,,0000-00-09,asd;asd,9
11,himom,,greator11,,0000-00-10,asd;asd,10
12,himom,,greator12,,0000-00-11,asd;asd,11
13,himom,,greator13,,0000-00-12,asd;asd,12
14,himom,,greator14,,0000-00-13,asd;asd,13
15,himom,,greator15,,0000-00-14,asd;asd,14
16,himom,,greator16,,0000-00-15,asd;asd,15
17,himom,,greator17,,0000-00-16,asd;asd,16
18,himom,,greator18,,0000-00-17,asd;asd,17
19,himom,,greator19,,0000-00-18,asd;asd,18
20,himom,,greator20,,0000-00-19,asd;asd,19
21,himom,,greator21,,0000-00-20,asd;asd,20
22,himom,,greator22,,0000-00-21,asd;asd,21
23,himom,,greator23,,0000-00-22,asd;asd,22
24,himom,,greator24,,0000-00-23,asd;asd,23
25,himom,,greator25,,0000-00-24,asd;asd,24
26,himom,,greator26,,0000-00-25,asd;asd,25
27,himom,,greator27,,0000-00-26,asd;asd,26
28,himom,,greator28,,0000-00-27,asd;asd,27
29,himom,,greator29,,0000-00-28,asd;asd,28
30,himom,,greator30,,0000-00-29,asd;asd,29
31,himom,,greator31,,0000-00-30,asd;asd,30
32,himom,,greator32,,0000-00-31,asd;asd,31
33,himom,,greator33,,0000-00-32,asd;asd,32
34,himom,,greator34,,0000-00-33,asd;asd,33
35,himom,,greator35,,0000-00-34,asd;asd,34
36,himom,,greator36,,0000-00-35,asd;asd,35
37,himom,,greator37,,0000-00-36,asd;asd,36
38,himom,,greator38,,0000-00-37,asd;asd,37
39,himom,,greator39,,0000-00-38,asd;asd,38
40,himom,,greator40,,0000-00-39,asd;asd,39
41,himom,,greator41,,0000-00-40,asd;asd,40
42,himom,,greator42,,0000-00-41,asd;asd,41
43,himom,,greator43,,0000-00-42,asd;asd,42
44,himom,,greator44,,0000-00-43,asd;asd,43
45,himom,,greator45,,0000-00-44,asd;asd,44
46,himom,,greator46,,0000-00-45,asd;asd,45
47,himom,,greator47,,0000-00-46,asd;asd,46
48,himom,,greator48,,0000-00-47,asd;asd,47
49,himom,,greator49,,0000-00-48,asd;asd,48
50,himom,,greator50,,0000-00-49,asd;asd,49
51,himom,,greator51,,0000-00-50,asd;asd,50
52,himom,,greator52,,0000-00-51,asd;asd,51
53,himom,,greator53,,0000-00-52,asd;asd,52
54,himom,,greator54,,0000-00-53,asd;asd,53
55,himom,,greator55,,0000-00-54,asd;asd,54
56,himom,,greator56,,0000-00-55,asd;asd,55
57,himom,,greator57,,0000-00-56,asd;asd,56
58,himom,,greator58,,0000-00-57,asd;asd,57
59,himom,,greator59,,0000-00-58,asd;asd,58
60,himom,,greator,,0000-00-00,;,0
61,himom,,greator,,0000-00-00,asd;asd,0
62,himom,,greator,,0000-00-00,asd;asd,0
63,himom,,greator,,0000-00-00,asd;asd,0
64,himom,,greator,,0000-00-00,;,0
65,himom,,greator,,0000-00-00,asd;asd,0
66,himom,,greator,,0000-00-00,asd;asd,0
67,himom,,greator,,0000-00-00,asd;asd,0
68,himom,,greator,,0000-00-00,;,0
69,himom,,greator,,0000-00-00,asd;asd,0
70,himom,,greator,,0000-00-00,asd;asd,0
71,himom,,greator,,0000-00-00,asd;asd,0
72,himom,,greator,,0000-00-00,;,0
73,himom,,greator,,0000-00-00,asd;asd,0
74,himom,,greator,,0000-00-00,asd;asd,0
75,himom,,greator,,0000-00-00,asd;asd,0
76,himom,,greator,,0000-00-00,;,0
77,himom,,greator,,0000-00-00,asd;asd,0
78,himom,,greator,,0000-00-00,asd;asd,0
79,himom,,greator,,0000-00-00,asd;asd,0
80,himom,,greator,,0000-00-00,;,0
81,himom,,greator,,0000-00-00,asd;asd,0
82,himom,,greator,,0000-00-00,asd;asd,0
83,himom,,greator,,0000-00-00,asd;asd,0
84,himom,,greator,,0000-00-00,;,0
85,himom,,greator,,0000-00-00,asd;asd,0
86,himom,,greator,,0000-00-00,asd;asd,0
87,himom,,greator,,0000-00-00,asd;asd,0
88,himom,,greator,,0000-00-00,;,0
89,himom,,greator,,0000-00-00,asd;asd,0
90,himom,,greator,,0000-00-00,asd;asd,0
91,himom,,greator,,0000-00-00,asd;asd,0
92,himom,,greator,,0000-00-00,;,0
93,himom,,greator,,0000-00-00,asd;asd,0
94,himom,,greator,,0000-00-00,asd;asd,0
95,himom,,greator,,0000-00-00,asd;asd,0
96,himom,,greator,,0000-00-00,;,0
97,himom,,greator,,0000-00-00,asd;asd,0
98,himom,,greator,,0000-00-00,asd;asd,0
99,himom,,greator,,0000-00-00,asd;asd,0
100,himom,,greator,,0000-00-00,;,0
101,himom,,greator,,0000-00-00,;,0
102,himom,,greator,,0000-00-00,asd;asd,0
103,himom,,greator,,0000-00-00,asd;asd,0
104,himom,,greator,,0000-00-00,asd;asd,0
105,himom,,greator,,0000-00-00,;,0
