id,passwd,acces_level
sdabinett0,$2y$10$E1soD3SKHVBV8SbGEZgpUuLoxTBXfB/uh7Y92qmvuNP9BeJwUP3K.,7
jsprulls1,$2y$10$E1soD3SKHVBV8SbGEZgpUuLoxTBXfB/uh7Y92qmvuNP9BeJwUP3K.,7
ebeen2,$2y$10$E1soD3SKHVBV8SbGEZgpUuLoxTBXfB/uh7Y92qmvuNP9BeJwUP3K.,7
gdray3,$2y$10$E1soD3SKHVBV8SbGEZgpUuLoxTBXfB/uh7Y92qmvuNP9BeJwUP3K.,-1
kallright4,$2y$10$E1soD3SKHVBV8SbGEZgpUuLoxTBXfB/uh7Y92qmvuNP9BeJwUP3K.,-1
rswallwell5,$2y$10$E1soD3SKHVBV8SbGEZgpUuLoxTBXfB/uh7Y92qmvuNP9BeJwUP3K.,1
glitt6,$2y$10$E1soD3SKHVBV8SbGEZgpUuLoxTBXfB/uh7Y92qmvuNP9BeJwUP3K.,7
rabbotts7,$2y$10$E1soD3SKHVBV8SbGEZgpUuLoxTBXfB/uh7Y92qmvuNP9BeJwUP3K.,1
dmacquire8,$2y$10$E1soD3SKHVBV8SbGEZgpUuLoxTBXfB/uh7Y92qmvuNP9BeJwUP3K.,7
jnorledge9,$2y$10$E1soD3SKHVBV8SbGEZgpUuLoxTBXfB/uh7Y92qmvuNP9BeJwUP3K.,7
ecroana,$2y$10$E1soD3SKHVBV8SbGEZgpUuLoxTBXfB/uh7Y92qmvuNP9BeJwUP3K.,-1
ttrustieb,$2y$10$E1soD3SKHVBV8SbGEZgpUuLoxTBXfB/uh7Y92qmvuNP9BeJwUP3K.,-1
mcourvertc,$2y$10$E1soD3SKHVBV8SbGEZgpUuLoxTBXfB/uh7Y92qmvuNP9BeJwUP3K.,7
hoatsd,$2y$10$E1soD3SKHVBV8SbGEZgpUuLoxTBXfB/uh7Y92qmvuNP9BeJwUP3K.,-1
fdomele,$2y$10$E1soD3SKHVBV8SbGEZgpUuLoxTBXfB/uh7Y92qmvuNP9BeJwUP3K.,7
lalsteadf,$2y$10$E1soD3SKHVBV8SbGEZgpUuLoxTBXfB/uh7Y92qmvuNP9BeJwUP3K.,7
rcelesg,$2y$10$E1soD3SKHVBV8SbGEZgpUuLoxTBXfB/uh7Y92qmvuNP9BeJwUP3K.,-1
rdambrogioh,$2y$10$E1soD3SKHVBV8SbGEZgpUuLoxTBXfB/uh7Y92qmvuNP9BeJwUP3K.,1
jdruryi,$2y$10$E1soD3SKHVBV8SbGEZgpUuLoxTBXfB/uh7Y92qmvuNP9BeJwUP3K.,7
lbramahj,$2y$10$E1soD3SKHVBV8SbGEZgpUuLoxTBXfB/uh7Y92qmvuNP9BeJwUP3K.,1
jaloshikink,$2y$10$E1soD3SKHVBV8SbGEZgpUuLoxTBXfB/uh7Y92qmvuNP9BeJwUP3K.,7
lbeilbyl,$2y$10$E1soD3SKHVBV8SbGEZgpUuLoxTBXfB/uh7Y92qmvuNP9BeJwUP3K.,7
orojelm,$2y$10$E1soD3SKHVBV8SbGEZgpUuLoxTBXfB/uh7Y92qmvuNP9BeJwUP3K.,7
xdemirandan,$2y$10$E1soD3SKHVBV8SbGEZgpUuLoxTBXfB/uh7Y92qmvuNP9BeJwUP3K.,7
lchallisso,$2y$10$E1soD3SKHVBV8SbGEZgpUuLoxTBXfB/uh7Y92qmvuNP9BeJwUP3K.,-1
dgallihaulkp,$2y$10$E1soD3SKHVBV8SbGEZgpUuLoxTBXfB/uh7Y92qmvuNP9BeJwUP3K.,1
tbutchardq,$2y$10$E1soD3SKHVBV8SbGEZgpUuLoxTBXfB/uh7Y92qmvuNP9BeJwUP3K.,7
udinzeyr,$2y$10$E1soD3SKHVBV8SbGEZgpUuLoxTBXfB/uh7Y92qmvuNP9BeJwUP3K.,-1
shauckes,$2y$10$E1soD3SKHVBV8SbGEZgpUuLoxTBXfB/uh7Y92qmvuNP9BeJwUP3K.,-1
diacovonet,$2y$10$E1soD3SKHVBV8SbGEZgpUuLoxTBXfB/uh7Y92qmvuNP9BeJwUP3K.,-1
sfairholmu,$2y$10$E1soD3SKHVBV8SbGEZgpUuLoxTBXfB/uh7Y92qmvuNP9BeJwUP3K.,-1
laynoldv,$2y$10$E1soD3SKHVBV8SbGEZgpUuLoxTBXfB/uh7Y92qmvuNP9BeJwUP3K.,-1
gtonsleyw,$2y$10$E1soD3SKHVBV8SbGEZgpUuLoxTBXfB/uh7Y92qmvuNP9BeJwUP3K.,-1
tmcarthurx,$2y$10$E1soD3SKHVBV8SbGEZgpUuLoxTBXfB/uh7Y92qmvuNP9BeJwUP3K.,-1
eleideckery,$2y$10$E1soD3SKHVBV8SbGEZgpUuLoxTBXfB/uh7Y92qmvuNP9BeJwUP3K.,7
jeasonz,$2y$10$E1soD3SKHVBV8SbGEZgpUuLoxTBXfB/uh7Y92qmvuNP9BeJwUP3K.,-1
bkornousek10,$2y$10$E1soD3SKHVBV8SbGEZgpUuLoxTBXfB/uh7Y92qmvuNP9BeJwUP3K.,1
dfullard11,$2y$10$E1soD3SKHVBV8SbGEZgpUuLoxTBXfB/uh7Y92qmvuNP9BeJwUP3K.,1
fmiddup12,$2y$10$E1soD3SKHVBV8SbGEZgpUuLoxTBXfB/uh7Y92qmvuNP9BeJwUP3K.,1
wcristobal13,$2y$10$E1soD3SKHVBV8SbGEZgpUuLoxTBXfB/uh7Y92qmvuNP9BeJwUP3K.,1
mwoodwing14,$2y$10$E1soD3SKHVBV8SbGEZgpUuLoxTBXfB/uh7Y92qmvuNP9BeJwUP3K.,7
lvondracek15,$2y$10$E1soD3SKHVBV8SbGEZgpUuLoxTBXfB/uh7Y92qmvuNP9BeJwUP3K.,7
ctysall16,$2y$10$E1soD3SKHVBV8SbGEZgpUuLoxTBXfB/uh7Y92qmvuNP9BeJwUP3K.,7
cclere17,$2y$10$E1soD3SKHVBV8SbGEZgpUuLoxTBXfB/uh7Y92qmvuNP9BeJwUP3K.,-1
rdeanesy18,$2y$10$E1soD3SKHVBV8SbGEZgpUuLoxTBXfB/uh7Y92qmvuNP9BeJwUP3K.,7
tmaciak19,$2y$10$E1soD3SKHVBV8SbGEZgpUuLoxTBXfB/uh7Y92qmvuNP9BeJwUP3K.,-1
kcrowe1a,$2y$10$E1soD3SKHVBV8SbGEZgpUuLoxTBXfB/uh7Y92qmvuNP9BeJwUP3K.,-1
nmaruska1b,$2y$10$E1soD3SKHVBV8SbGEZgpUuLoxTBXfB/uh7Y92qmvuNP9BeJwUP3K.,-1
deverest1c,$2y$10$E1soD3SKHVBV8SbGEZgpUuLoxTBXfB/uh7Y92qmvuNP9BeJwUP3K.,1
cwrotham1d,$2y$10$E1soD3SKHVBV8SbGEZgpUuLoxTBXfB/uh7Y92qmvuNP9BeJwUP3K.,7
ebakesef1e,$2y$10$E1soD3SKHVBV8SbGEZgpUuLoxTBXfB/uh7Y92qmvuNP9BeJwUP3K.,-1
jpascall1f,$2y$10$E1soD3SKHVBV8SbGEZgpUuLoxTBXfB/uh7Y92qmvuNP9BeJwUP3K.,1
tgallen1g,$2y$10$E1soD3SKHVBV8SbGEZgpUuLoxTBXfB/uh7Y92qmvuNP9BeJwUP3K.,1
cvela1h,$2y$10$E1soD3SKHVBV8SbGEZgpUuLoxTBXfB/uh7Y92qmvuNP9BeJwUP3K.,1
dleisman1i,$2y$10$E1soD3SKHVBV8SbGEZgpUuLoxTBXfB/uh7Y92qmvuNP9BeJwUP3K.,7
achidler1j,$2y$10$E1soD3SKHVBV8SbGEZgpUuLoxTBXfB/uh7Y92qmvuNP9BeJwUP3K.,7
dquare1k,$2y$10$E1soD3SKHVBV8SbGEZgpUuLoxTBXfB/uh7Y92qmvuNP9BeJwUP3K.,-1
tdown1l,$2y$10$E1soD3SKHVBV8SbGEZgpUuLoxTBXfB/uh7Y92qmvuNP9BeJwUP3K.,7
gdoumer1m,$2y$10$E1soD3SKHVBV8SbGEZgpUuLoxTBXfB/uh7Y92qmvuNP9BeJwUP3K.,1
vroland1n,$2y$10$E1soD3SKHVBV8SbGEZgpUuLoxTBXfB/uh7Y92qmvuNP9BeJwUP3K.,7
sbrimble1o,$2y$10$E1soD3SKHVBV8SbGEZgpUuLoxTBXfB/uh7Y92qmvuNP9BeJwUP3K.,7
awhotton1p,$2y$10$E1soD3SKHVBV8SbGEZgpUuLoxTBXfB/uh7Y92qmvuNP9BeJwUP3K.,-1
lpilbury1q,$2y$10$E1soD3SKHVBV8SbGEZgpUuLoxTBXfB/uh7Y92qmvuNP9BeJwUP3K.,7
dchadwin1r,$2y$10$E1soD3SKHVBV8SbGEZgpUuLoxTBXfB/uh7Y92qmvuNP9BeJwUP3K.,7
aling1s,$2y$10$E1soD3SKHVBV8SbGEZgpUuLoxTBXfB/uh7Y92qmvuNP9BeJwUP3K.,-1
rgwyllt1t,$2y$10$E1soD3SKHVBV8SbGEZgpUuLoxTBXfB/uh7Y92qmvuNP9BeJwUP3K.,1
spheby1u,$2y$10$E1soD3SKHVBV8SbGEZgpUuLoxTBXfB/uh7Y92qmvuNP9BeJwUP3K.,1
mmarunchak1v,$2y$10$E1soD3SKHVBV8SbGEZgpUuLoxTBXfB/uh7Y92qmvuNP9BeJwUP3K.,-1
aofergus1w,$2y$10$E1soD3SKHVBV8SbGEZgpUuLoxTBXfB/uh7Y92qmvuNP9BeJwUP3K.,-1
atixall1x,$2y$10$E1soD3SKHVBV8SbGEZgpUuLoxTBXfB/uh7Y92qmvuNP9BeJwUP3K.,-1
ncaren1y,$2y$10$E1soD3SKHVBV8SbGEZgpUuLoxTBXfB/uh7Y92qmvuNP9BeJwUP3K.,7
wbrazenor1z,$2y$10$E1soD3SKHVBV8SbGEZgpUuLoxTBXfB/uh7Y92qmvuNP9BeJwUP3K.,7
cgambles20,$2y$10$E1soD3SKHVBV8SbGEZgpUuLoxTBXfB/uh7Y92qmvuNP9BeJwUP3K.,7
hwonfar21,$2y$10$E1soD3SKHVBV8SbGEZgpUuLoxTBXfB/uh7Y92qmvuNP9BeJwUP3K.,7
vtrevear22,$2y$10$E1soD3SKHVBV8SbGEZgpUuLoxTBXfB/uh7Y92qmvuNP9BeJwUP3K.,-1
fschmuhl23,$2y$10$E1soD3SKHVBV8SbGEZgpUuLoxTBXfB/uh7Y92qmvuNP9BeJwUP3K.,-1
afass24,$2y$10$E1soD3SKHVBV8SbGEZgpUuLoxTBXfB/uh7Y92qmvuNP9BeJwUP3K.,7
gcalbrathe25,$2y$10$E1soD3SKHVBV8SbGEZgpUuLoxTBXfB/uh7Y92qmvuNP9BeJwUP3K.,7
aglencros26,$2y$10$E1soD3SKHVBV8SbGEZgpUuLoxTBXfB/uh7Y92qmvuNP9BeJwUP3K.,1
emcculloch27,$2y$10$E1soD3SKHVBV8SbGEZgpUuLoxTBXfB/uh7Y92qmvuNP9BeJwUP3K.,7
dthewlis28,$2y$10$E1soD3SKHVBV8SbGEZgpUuLoxTBXfB/uh7Y92qmvuNP9BeJwUP3K.,1
vciobutaru29,$2y$10$E1soD3SKHVBV8SbGEZgpUuLoxTBXfB/uh7Y92qmvuNP9BeJwUP3K.,1
wcumming2a,$2y$10$E1soD3SKHVBV8SbGEZgpUuLoxTBXfB/uh7Y92qmvuNP9BeJwUP3K.,-1
amontfort2b,$2y$10$E1soD3SKHVBV8SbGEZgpUuLoxTBXfB/uh7Y92qmvuNP9BeJwUP3K.,1
kmcaline2c,$2y$10$E1soD3SKHVBV8SbGEZgpUuLoxTBXfB/uh7Y92qmvuNP9BeJwUP3K.,-1
cgrosvenor2d,$2y$10$E1soD3SKHVBV8SbGEZgpUuLoxTBXfB/uh7Y92qmvuNP9BeJwUP3K.,1
fgatman2e,$2y$10$E1soD3SKHVBV8SbGEZgpUuLoxTBXfB/uh7Y92qmvuNP9BeJwUP3K.,-1
cbutchart2f,$2y$10$E1soD3SKHVBV8SbGEZgpUuLoxTBXfB/uh7Y92qmvuNP9BeJwUP3K.,-1
ntibb2g,$2y$10$E1soD3SKHVBV8SbGEZgpUuLoxTBXfB/uh7Y92qmvuNP9BeJwUP3K.,-1
kgange2h,$2y$10$E1soD3SKHVBV8SbGEZgpUuLoxTBXfB/uh7Y92qmvuNP9BeJwUP3K.,7
ashowell2i,$2y$10$E1soD3SKHVBV8SbGEZgpUuLoxTBXfB/uh7Y92qmvuNP9BeJwUP3K.,7
cchannon2j,$2y$10$E1soD3SKHVBV8SbGEZgpUuLoxTBXfB/uh7Y92qmvuNP9BeJwUP3K.,1
yaggio2k,$2y$10$E1soD3SKHVBV8SbGEZgpUuLoxTBXfB/uh7Y92qmvuNP9BeJwUP3K.,7
cfrensch2l,$2y$10$E1soD3SKHVBV8SbGEZgpUuLoxTBXfB/uh7Y92qmvuNP9BeJwUP3K.,-1
rphysick2m,$2y$10$E1soD3SKHVBV8SbGEZgpUuLoxTBXfB/uh7Y92qmvuNP9BeJwUP3K.,1
ddolan2n,$2y$10$E1soD3SKHVBV8SbGEZgpUuLoxTBXfB/uh7Y92qmvuNP9BeJwUP3K.,7
gkillock2o,$2y$10$E1soD3SKHVBV8SbGEZgpUuLoxTBXfB/uh7Y92qmvuNP9BeJwUP3K.,-1
mspracklin2p,$2y$10$E1soD3SKHVBV8SbGEZgpUuLoxTBXfB/uh7Y92qmvuNP9BeJwUP3K.,7
lellacombe2q,$2y$10$E1soD3SKHVBV8SbGEZgpUuLoxTBXfB/uh7Y92qmvuNP9BeJwUP3K.,1
tsegoe2r,$2y$10$E1soD3SKHVBV8SbGEZgpUuLoxTBXfB/uh7Y92qmvuNP9BeJwUP3K.,-1
