id,email,specific_info,phone_number,address ,avatar
sdabinett0,benriques0@microsoft.com,,3067454488,,http://dummyimage.com/145x115.png/ff4444/ffffff
jsprulls1,nlockhurst1@disqus.com,,4749876766,921 Monument Place,http://dummyimage.com/138x207.png/ff4444/ffffff
ebeen2,pmallindine2@miibeian.gov.cn,,5021893435,032 Debs Street,http://dummyimage.com/137x161.png/ff4444/ffffff
gdray3,hmathis3@wiley.com,,3684336675,4 Hudson Court,http://dummyimage.com/223x228.bmp/cc0000/ffffff
kallright4,vfarrall4@princeton.edu,,7113928622,1394 Grim Center,http://dummyimage.com/107x151.png/ff4444/ffffff
rswallwell5,jgarriock5@psu.edu,,2608419536,,http://dummyimage.com/202x190.png/cc0000/ffffff
glitt6,arawcliffe6@squidoo.com,,3662553093,6194 School Road,http://dummyimage.com/158x127.bmp/5fa2dd/ffffff
rabbotts7,rpedrol7@blinklist.com,,4005576942,,http://dummyimage.com/181x132.png/dddddd/000000
dmacquire8,rroslen8@guardian.co.uk,,7192758313,15 Linden Circle,http://dummyimage.com/221x241.jpg/5fa2dd/ffffff
jnorledge9,vhierro9@rediff.com,,,5 International Hill,http://dummyimage.com/239x221.jpg/ff4444/ffffff
ecroana,ewilgara@cmu.edu,,1628886984,77296 Kenwood Drive,http://dummyimage.com/119x201.jpg/dddddd/000000
ttrustieb,hschelleb@addtoany.com,,5383315018,,http://dummyimage.com/250x116.png/5fa2dd/ffffff
mcourvertc,rcoramc@google.cn,,9299259519,,http://dummyimage.com/112x229.bmp/ff4444/ffffff
hoatsd,jkumard@engadget.com,,8378582001,,http://dummyimage.com/213x240.bmp/dddddd/000000
fdomele,ncoppledikee@jiathis.com,,3425074464,,http://dummyimage.com/197x202.png/ff4444/ffffff
lalsteadf,mcollyf@who.int,,9031335442,,http://dummyimage.com/161x173.jpg/5fa2dd/ffffff
rcelesg,jsweetmang@vkontakte.ru,,5041034449,0126 Goodland Alley,http://dummyimage.com/189x211.jpg/dddddd/000000
rdambrogioh,bgioanih@drupal.org,,,7845 Bellgrove Park,http://dummyimage.com/112x202.bmp/5fa2dd/ffffff
jdruryi,eolivelloi@independent.co.uk,,4486305714,,http://dummyimage.com/117x178.bmp/ff4444/ffffff
lbramahj,amanginotj@trellian.com,,,2774 Larry Road,http://dummyimage.com/147x245.jpg/5fa2dd/ffffff
jaloshikink,rdibdink@naver.com,,3882016095,,http://dummyimage.com/200x132.png/ff4444/ffffff
lbeilbyl,adavydkovl@cbslocal.com,,6651349076,37 Bunker Hill Point,http://dummyimage.com/120x124.bmp/5fa2dd/ffffff
orojelm,lweemsm@tiny.cc,,9282219768,,http://dummyimage.com/144x145.bmp/5fa2dd/ffffff
xdemirandan,mtabbittn@theguardian.com,,5146151705,28768 Northridge Drive,http://dummyimage.com/188x111.bmp/dddddd/000000
lchallisso,afrankiso@123-reg.co.uk,,,7 Loomis Center,http://dummyimage.com/172x170.png/ff4444/ffffff
dgallihaulkp,dderringtonp@businessweek.com,,,725 Warbler Junction,http://dummyimage.com/128x247.png/ff4444/ffffff
tbutchardq,nalfonzoq@example.com,,,124 Merchant Plaza,http://dummyimage.com/198x247.png/cc0000/ffffff
udinzeyr,dstranieror@elpais.com,,5336783916,9431 Roxbury Avenue,http://dummyimage.com/127x210.png/cc0000/ffffff
shauckes,lbartellis@altervista.org,,7723199119,58947 Grover Terrace,http://dummyimage.com/209x232.bmp/cc0000/ffffff
diacovonet,fsackert@flavors.me,,9972182480,51 Browning Circle,http://dummyimage.com/233x236.jpg/dddddd/000000
sfairholmu,acriminu@theguardian.com,,1831384872,43976 Warbler Center,http://dummyimage.com/148x132.bmp/dddddd/000000
laynoldv,ltalmanv@auda.org.au,,1749555900,,http://dummyimage.com/237x147.jpg/ff4444/ffffff
gtonsleyw,mjirekw@washingtonpost.com,,1938657532,87647 Cherokee Trail,http://dummyimage.com/111x160.png/5fa2dd/ffffff
tmcarthurx,aislepx@networkadvertising.org,,6626923084,7 Blackbird Avenue,http://dummyimage.com/234x133.png/ff4444/ffffff
eleideckery,sgreggy@wikimedia.org,,7684322951,,http://dummyimage.com/146x144.bmp/dddddd/000000
jeasonz,sduckettz@plala.or.jp,,,79013 Veith Way,http://dummyimage.com/158x112.bmp/ff4444/ffffff
bkornousek10,fmechell10@dmoz.org,,,4 Warrior Circle,http://dummyimage.com/213x103.png/dddddd/000000
dfullard11,kharbron11@newyorker.com,,7818198375,1 Dryden Alley,http://dummyimage.com/115x224.jpg/ff4444/ffffff
fmiddup12,rbree12@springer.com,,3264245194,80 Hollow Ridge Road,http://dummyimage.com/110x159.jpg/dddddd/000000
wcristobal13,imaty13@aol.com,,1323074876,,http://dummyimage.com/112x244.jpg/dddddd/000000
mwoodwing14,mhillum14@nbcnews.com,,,38 Bartillon Center,http://dummyimage.com/235x165.bmp/dddddd/000000
lvondracek15,njosefsohn15@booking.com,,7451500646,,http://dummyimage.com/243x213.jpg/ff4444/ffffff
ctysall16,mbarrand16@wufoo.com,,2667823954,,http://dummyimage.com/228x126.bmp/cc0000/ffffff
cclere17,jaulton17@irs.gov,,4906267258,,http://dummyimage.com/142x208.jpg/dddddd/000000
rdeanesy18,khunston18@dyndns.org,,,,http://dummyimage.com/184x191.bmp/ff4444/ffffff
tmaciak19,kthumim19@soundcloud.com,,7834613475,4321 Hintze Plaza,http://dummyimage.com/177x202.png/dddddd/000000
kcrowe1a,srushford1a@dot.gov,,,44 Morrow Parkway,http://dummyimage.com/120x197.png/ff4444/ffffff
nmaruska1b,jmcgonnell1b@mlb.com,,4133537236,33 Kim Road,http://dummyimage.com/204x158.png/dddddd/000000
deverest1c,ilathleiff1c@jiathis.com,,,1 Maywood Lane,http://dummyimage.com/153x198.jpg/dddddd/000000
cwrotham1d,hmathey1d@cnbc.com,,3821388441,4 Gerald Circle,http://dummyimage.com/207x220.jpg/ff4444/ffffff
ebakesef1e,pbowser1e@icq.com,,1322170005,338 Sunbrook Junction,http://dummyimage.com/228x116.png/dddddd/000000
jpascall1f,ccourtenay1f@twitter.com,,,55 Sunfield Trail,http://dummyimage.com/120x115.jpg/dddddd/000000
tgallen1g,eworsnup1g@shop-pro.jp,,3188374874,,http://dummyimage.com/140x200.png/dddddd/000000
cvela1h,amccarroll1h@wikispaces.com,,6625214217,,http://dummyimage.com/247x149.bmp/cc0000/ffffff
dleisman1i,cbloyes1i@squidoo.com,,8021926923,,http://dummyimage.com/225x173.bmp/ff4444/ffffff
achidler1j,gtubby1j@trellian.com,,9698303909,,http://dummyimage.com/119x169.jpg/dddddd/000000
dquare1k,rronci1k@sun.com,,2329656788,,http://dummyimage.com/105x187.bmp/ff4444/ffffff
tdown1l,kgalbraeth1l@ustream.tv,,,,http://dummyimage.com/234x191.png/dddddd/000000
gdoumer1m,amacinherney1m@irs.gov,,5159630242,,http://dummyimage.com/141x151.jpg/5fa2dd/ffffff
vroland1n,moake1n@craigslist.org,,5232813641,,http://dummyimage.com/149x229.png/ff4444/ffffff
sbrimble1o,ejugging1o@pagesperso-orange.fr,,,14 Armistice Park,http://dummyimage.com/195x195.jpg/cc0000/ffffff
awhotton1p,ipietruszka1p@xinhuanet.com,,9776774655,,http://dummyimage.com/203x161.bmp/cc0000/ffffff
lpilbury1q,dstourton1q@abc.net.au,,9683861871,5 Havey Alley,http://dummyimage.com/182x247.png/dddddd/000000
dchadwin1r,mmclorinan1r@wisc.edu,,8896908202,8334 Clove Hill,http://dummyimage.com/228x215.jpg/cc0000/ffffff
aling1s,kknocker1s@e-recht24.de,,,,http://dummyimage.com/234x243.bmp/cc0000/ffffff
rgwyllt1t,nsecombe1t@about.com,,4205856213,7 Rieder Avenue,http://dummyimage.com/126x172.bmp/ff4444/ffffff
spheby1u,rbreslin1u@youtube.com,,5501872496,0 Shoshone Street,http://dummyimage.com/219x130.bmp/5fa2dd/ffffff
mmarunchak1v,ggraddell1v@twitter.com,,7087571964,,http://dummyimage.com/162x184.jpg/5fa2dd/ffffff
aofergus1w,jmceniry1w@ted.com,,3145804851,4831 Walton Alley,http://dummyimage.com/175x139.bmp/5fa2dd/ffffff
atixall1x,abuche1x@sohu.com,,4195738360,369 Lerdahl Trail,http://dummyimage.com/205x247.png/ff4444/ffffff
ncaren1y,hblaszczak1y@forbes.com,,,9 Crest Line Street,http://dummyimage.com/226x146.jpg/ff4444/ffffff
wbrazenor1z,scail1z@dot.gov,,,595 Petterle Junction,http://dummyimage.com/200x156.png/cc0000/ffffff
cgambles20,sfitt20@dropbox.com,,4284600274,,http://dummyimage.com/196x157.bmp/cc0000/ffffff
hwonfar21,pbougen21@virginia.edu,,6086127482,6252 Hoepker Lane,http://dummyimage.com/176x150.bmp/ff4444/ffffff
vtrevear22,mtomsu22@hc360.com,,1183571013,7106 Main Junction,http://dummyimage.com/164x112.bmp/cc0000/ffffff
fschmuhl23,ecullington23@tmall.com,,7907046427,,http://dummyimage.com/235x214.jpg/ff4444/ffffff
afass24,jokill24@stumbleupon.com,,1125042814,,http://dummyimage.com/249x141.png/cc0000/ffffff
gcalbrathe25,elacky25@jimdo.com,,,632 Milwaukee Parkway,http://dummyimage.com/184x250.bmp/cc0000/ffffff
aglencros26,amclane26@google.com.au,,6265839896,01 Dexter Point,http://dummyimage.com/172x198.bmp/5fa2dd/ffffff
emcculloch27,dcampanelli27@lycos.com,,9674891523,218 Grasskamp Junction,http://dummyimage.com/106x141.jpg/cc0000/ffffff
dthewlis28,psabbin28@sina.com.cn,,7605595061,167 Bayside Terrace,http://dummyimage.com/166x197.jpg/ff4444/ffffff
vciobutaru29,sshawell29@list-manage.com,,6901316933,97 Calypso Point,http://dummyimage.com/125x191.jpg/dddddd/000000
wcumming2a,jantonat2a@goo.ne.jp,,1095375373,69 Canary Park,http://dummyimage.com/201x209.png/cc0000/ffffff
amontfort2b,hpatters2b@washingtonpost.com,,9715946819,,http://dummyimage.com/147x157.bmp/ff4444/ffffff
kmcaline2c,rgrice2c@nsw.gov.au,,,062 Waxwing Hill,http://dummyimage.com/208x109.jpg/cc0000/ffffff
cgrosvenor2d,mberney2d@nyu.edu,,4746905031,,http://dummyimage.com/192x245.bmp/ff4444/ffffff
fgatman2e,wjeandin2e@themeforest.net,,,802 Calypso Alley,http://dummyimage.com/243x219.png/dddddd/000000
cbutchart2f,pfarrand2f@japanpost.jp,,6087714419,47 Springs Parkway,http://dummyimage.com/107x121.png/cc0000/ffffff
ntibb2g,cpiscopiello2g@fema.gov,,2358796111,85738 Kinsman Drive,http://dummyimage.com/241x218.jpg/ff4444/ffffff
kgange2h,tmacellar2h@usnews.com,,9576155710,,http://dummyimage.com/110x217.png/cc0000/ffffff
ashowell2i,yseymark2i@abc.net.au,,1797386760,8 Schurz Way,http://dummyimage.com/181x207.jpg/cc0000/ffffff
cchannon2j,hjankowski2j@google.cn,,3459412123,,http://dummyimage.com/101x225.png/dddddd/000000
yaggio2k,ldesantis2k@mysql.com,,7133277434,,http://dummyimage.com/139x225.jpg/dddddd/000000
cfrensch2l,etaysbil2l@blinklist.com,,1497019446,10 Memorial Plaza,http://dummyimage.com/207x136.bmp/5fa2dd/ffffff
rphysick2m,agorbell2m@spiegel.de,,,23441 Golden Leaf Way,http://dummyimage.com/120x191.png/5fa2dd/ffffff
ddolan2n,crudall2n@vkontakte.ru,,9447406315,,http://dummyimage.com/180x142.png/5fa2dd/ffffff
gkillock2o,bbourgour2o@feedburner.com,,4969496296,50983 Larry Crossing,http://dummyimage.com/178x114.jpg/5fa2dd/ffffff
mspracklin2p,mkopke2p@tumblr.com,,,651 Sycamore Court,http://dummyimage.com/119x181.jpg/cc0000/ffffff
lellacombe2q,msazio2q@cnbc.com,,8274857308,2126 Chinook Hill,http://dummyimage.com/179x136.bmp/ff4444/ffffff
tsegoe2r,chuygen2r@google.ca,,3645933579,,http://dummyimage.com/159x193.bmp/5fa2dd/ffffff
